{"cameraMode":{"drawMode":0,"name":"Shaded","section":"Shading Mode"},"sceneLighting":false,"audioPlay":false,"sceneViewState":{"m_AlwaysRefresh":false,"showFog":true,"showSkybox":true,"showFlares":true,"showImageEffects":true,"showParticleSystems":true,"showVisualEffectGraphs":true,"m_FxEnabled":true},"in2DMode":false,"pivot":{"x":-0.06388804316520691,"y":0.6502724885940552,"z":-1.241862177848816},"rotation":{"x":-0.24127836525440217,"y":-0.09239289909601212,"z":0.02327089011669159,"w":-0.9658738374710083},"size":0.08786797523498535,"orthographic":false}